SAMPLE,nIGH,nIGK,nIGL,nTCRA,nTCRB,nTCRD,nTCRG,loadIGH,loadIGK,loadIGL,loadTCRA,loadTCRB,loadTCRD,loadTCRG,alphaIGH,alphaIGK,alphaIGL,alphaTCRA,alphaTCRB,alphaTCRD,alphaTCRG
HH001_B1_SA_S2,4,25,2,14,0,0,0,10,78,6,52,0,0,0,1.33217904,2.963445951,0.636514168,2.465534564,0,0,0
HH001_B3_SA_S3,12,59,8,17,0,0,0,30,267,19,61,0,0,0,2.375192331,3.277293165,2.059229379,2.594020183,0,0,0
HH003_A1_SA_S4,0,0,1,20,0,0,0,0,0,2,395,0,0,0,0,0,0,2.147084947,0,0,0
HH003_A3_SA_S5,0,0,0,13,0,0,0,0,0,0,79,0,0,0,0,0,0,2.152679278,0,0,0
HH003_B3_SA_S6,0,0,0,18,0,0,0,0,0,0,126,0,0,0,0,0,0,2.265150778,0,0,0
HH003_D_SA_S7,1,1,2,17,0,0,0,4,3,9,180,0,0,0,0,0,0.529706199,2.208247695,0,0,0
HH003_K_SA_S8,0,0,0,10,0,0,0,0,0,0,49,0,0,0,0,0,0,2.008139654,0,0,0
HH003_R_SA_S9,1,0,0,6,0,0,0,4,0,0,15,0,0,0,0,0,0,1.748970751,0,0,0
HH001_A1_SA_S1,7,11,1,7,0,0,0,14,26,2,14,0,0,0,1.79175946923,2.7058,0,2.484904,0,0,0